cif_id,cust_first_name,cust_middle_name,cust_last_name,full_name,cust_type,cust_dob,gender,address_line,employment_status,salary_per_month,riskrating,marital_status,occupation,blacklisted,pan,email,cust_community,rating,constitution_code,constitution_code_desc,mobile_number,account_relationship_date
DLNINDV1034377,BIDEHA,,PUNJALI,BIDEHA PUNJALI,INDIVIDUAL,1997-01-28T00:00:00.000000,M,BAGEWA,Self employed,83333.3333333333,LOW RISK,MARRIED,BUSINESSMAN,N,PN40024,bideha_punjali83@gmail.com,HINDU,,INDIV,INDIVIDUAL,9779814235656.0,2021-11-22T00:00:00.000000
DLNLEG7386070,,,TANAHUN DIGITAL PVT. LTD.,TANAHUN DIGITAL PVT. LTD.,LEGAL,2009-09-13T00:00:00.000000,,BHUWARI,,,LOW RISK,,NOT AVAILABLE,,PN97194,tanahundigitalpvt.ltd.14@outlook.org,,GOOD,PRIVA,PRIVATE LTD.,,2006-06-13T00:00:00.000000
DLNLEG5743387,,,PYUTHAN LOGISTICS PVT. LTD.,PYUTHAN LOGISTICS PVT. LTD.,LEGAL,1900-01-01T00:00:00.000000,,GAJURI-01,,,LOW RISK,,NOT AVAILABLE,,PN35133,pyuthanlogisticspvt.ltd.96@outlook.org,,SATIS,PUBLI,PUBLIC LTD.,,2018-05-06T00:00:00.000000
DLNLEG1472012,,,PATHIVARA LOGISTICS PVT. LTD.,PATHIVARA LOGISTICS PVT. LTD.,LEGAL,1900-01-01T00:00:00.000000,,"TULSIPUR-03,DANG",,,LOW RISK,,NOT AVAILABLE,,PN37341,pathivaralogisticspvt.ltd.100@outlook.org,,SATIS,PUBLI,PUBLIC LTD.,,2018-01-23T00:00:00.000000
DLNLEG8991108,,,DLYTICA ACADEMY,DLYTICA ACADEMY,LEGAL,1900-01-01T00:00:00.000000,,"BHERIMALIKA-04,JAJARKOT",,,LOW RISK,,NOT AVAILABLE,,PN81158,dlyticaacademy21@outlook.org,,SATIS,PUBLI,PUBLIC LTD.,,2018-07-13T00:00:00.000000
DLNINDV3642192,LAJANA,,JADHARI,LAJANA JADHARI,INDIVIDUAL,2003-09-27T00:00:00.000000,F,IMADOL,STUDENT,8333.33333333333,LOW RISK,UNMARRIED,STUDENT,N,PN43210,lajana_jadhari24@gmail.com,HINDU,,INDIV,INDIVIDUAL,9779817629108.0,2022-02-10T00:00:00.000000
DLNLEG9050180,,,PARSA TRADING PVT. LTD.,PARSA TRADING PVT. LTD.,LEGAL,2007-03-20T00:00:00.000000,,"ITAHARI-4, SUNSARI",,,LOW RISK,,,,PN72697,parsatradingpvt.ltd.36@outlook.org,,SATIS,PRIVA,PRIVATE LTD.,,2008-11-28T00:00:00.000000
DLNLEG8924849,,,MANANG HOSPITALITY PVT. LTD.,MANANG HOSPITALITY PVT. LTD.,LEGAL,1900-01-01T00:00:00.000000,,.,,,LOW RISK,,,,PN40081,mananghospitalitypvt.ltd.85@outlook.org,,SATIS,PRIVA,PRIVATE LTD.,,2007-09-05T00:00:00.000000
DLNLEG7908571,,,RUPA SAVINGS AND CREDIT COOPERATIVE LTD.,RUPA SAVINGS AND CREDIT COOPERATIVE LTD.,LEGAL,1900-01-01T00:00:00.000000,,KATHMANDU,,,LOW RISK,,,,PN37719,rupasavingsandcreditcooperativeltd.52@outlook.org,,SATIS,PRIVA,PRIVATE LTD.,,1999-09-23T00:00:00.000000
DLNINDV9005238,SIMIN,,ADHIKARI,SIMIN ADHIKARI,INDIVIDUAL,1969-04-13T00:00:00.000000,F,LAHARE SIMAL,Other,0.0,LOW RISK,MARRIED,FARMER,N,PN66203,simin_adhikari24@gmail.com,HINDU,,INDIV,INDIVIDUAL,9779858075963.0,2020-12-01T00:00:00.000000
DLNINDV8841767,BHIMSEN,,MAHAT,BHIMSEN MAHAT,INDIVIDUAL,2001-04-14T00:00:00.000000,M,KHARSAL,Unemployed,41666.6666666666,LOW RISK,UNMARRIED,STUDENT,N,PN72179,bhimsen_mahat31@gmail.com,HINDU,,INDIV,INDIVIDUAL,9779827626860.0,2020-10-09T00:00:00.000000
DLNLEG4676009,,,SAGARMATHA CLOTHING PVT. LTD.,SAGARMATHA CLOTHING PVT. LTD.,LEGAL,1994-03-08T00:00:00.000000,,KAKARVITTA,,,LOW RISK,,NOT AVAILABLE,N,PN58227,sagarmathaclothingpvt.ltd.69@outlook.org,,SATIS,COOPE,CO-OPERATIVES,,2010-01-13T00:00:00.000000
DLNLEG3271256,,,SYANGJA REAL ESTATE LTD.,SYANGJA REAL ESTATE LTD.,LEGAL,2015-09-06T00:00:00.000000,,SANIARJUN,,,LOW RISK,,TRADING,N,PN97361,syangjarealestateltd.29@outlook.org,,GOOD,PRIVA,PRIVATE LTD.,,2015-11-09T00:00:00.000000
DLNLEG6891664,,,KANCHANJUNGA LOGISTICS PVT. LTD.,KANCHANJUNGA LOGISTICS PVT. LTD.,LEGAL,2008-11-05T00:00:00.000000,,"SESHNARAYAN, DAKSHINKALI",,,,,,N,PN18934,kanchanjungalogisticspvt.ltd.38@outlook.org,,SATIS,PROP,PROPRIETORSHIP,,2020-07-13T00:00:00.000000
DLNLEG3332659,,,KAILASH PRINTING PRESS PVT. LTD.,KAILASH PRINTING PRESS PVT. LTD.,LEGAL,2014-04-09T00:00:00.000000,,DEBREBASH,,,,,,N,PN21941,kailashprintingpresspvt.ltd.35@outlook.org,,,PUBLI,PUBLIC LTD.,,2019-06-17T00:00:00.000000
DLNLEG9094864,,,SUNSARI VENTURES LTD.,SUNSARI VENTURES LTD.,LEGAL,2003-06-16T00:00:00.000000,,PULCHOWK,,,LOW RISK,,NOT AVAILABLE,N,PN41507,sunsariventuresltd.80@outlook.org,,SATIS,COOPE,CO-OPERATIVES,,2015-07-07T00:00:00.000000
DLNINDV3029580,PRITY,,PANTH,PRITY PANTH,INDIVIDUAL,1994-11-12T00:00:00.000000,F,HARIYALI,,0.0,LOW RISK,OTHERS,NOT AVAILABLE,N,PN30698,prity_panth82@gmail.com,HINDU,,INDIV,INDIVIDUAL,9779860926822.0,2018-10-07T00:00:00.000000
DLNLEG1002018,,,SAGARMATHA TRADERS PVT. LTD.,SAGARMATHA TRADERS PVT. LTD.,LEGAL,2000-12-27T00:00:00.000000,,PUTALIBAZAR,,,LEVEL 1 HIGH RISK (H1),,NOT AVAILABLE,N,PN43650,sagarmathatraderspvt.ltd.87@outlook.org,,SATIS,PRIVA,PRIVATE LTD.,,2008-08-27T00:00:00.000000
DLNLEG9280301,,,SINDHUPALCHOWK MEDIA PVT. LTD.,SINDHUPALCHOWK MEDIA PVT. LTD.,LEGAL,1972-07-18T00:00:00.000000,,ALAKHIYA ROAD,,,LOW RISK,,NOT AVAILABLE,N,PN39494,sindhupalchowkmediapvt.ltd.1@outlook.org,,GOOD,PROP,PROPRIETORSHIP,,2010-08-18T00:00:00.000000
DLNINDV9411546,SALINDA,,ROHIT,SALINDA ROHIT,INDIVIDUAL,1993-02-28T00:00:00.000000,M,TALCHIKHEL,Employed,166666.666666666,LOW RISK,UNMARRIED,ENGINEER,N,PN92590,salinda_rohit37@gmail.com,HINDU,,INDIV,INDIVIDUAL,9779849935186.0,2022-01-11T00:00:00.000000
DLNINDV3737249,JYOTSNA,,ROHIT,JYOTSNA ROHIT,INDIVIDUAL,1987-01-17T00:00:00.000000,F,DUDHE,,,LOW RISK,,HOUSEWIFE,N,PN34018,jyotsna_rohit8@gmail.com,HINDU,,INDIV,INDIVIDUAL,,
DLNLEG8662013,,,DLYTICA HOSPITAL PVT. LTD.,DLYTICA HOSPITAL PVT. LTD.,LEGAL,1900-01-01T00:00:00.000000,,.,,,LEVEL 1 HIGH RISK (H1),,NOT AVAILABLE,,PN99885,dlytica.hospital2024@gmail.com,,SATIS,PRIVA,PRIVATE LTD.,,2005-04-26T00:00:00.000000
DLNINDV6102134,ANUBHAV,,NAME,ANUBHAV NAME,INDIVIDUAL,1995-10-16T00:00:00.000000,M,GOLBAZAR,Salaried,66666.6666666666,LOW RISK,UNMARRIED,BANKER,N,PN93979,anubhav_name47@gmail.com,HINDU,,INDIV,INDIVIDUAL,9779865001421.0,2021-12-08T00:00:00.000000
DLNINDV9829180,ANSHIKA,,KUMHAL,ANSHIKA KUMHAL,INDIVIDUAL,1979-03-03T00:00:00.000000,F,SANGEET MARG,Employed,83333.3333333333,LOW RISK,MARRIED,SERVICE,N,PN13053,anshika_kumhal13@gmail.com,HINDU,,INDIV,INDIVIDUAL,9779817070178.0,2022-02-17T00:00:00.000000
DLNINDV7376099,JASHPAL,,HUZDAR,JASHPAL HUZDAR,INDIVIDUAL,1973-12-04T00:00:00.000000,M,MUNAL TOLE,Other,41666.6666666666,LOW RISK,MARRIED,FARMER,N,PN15181,jashpal_huzdar4@gmail.com,HINDU,,INDIV,INDIVIDUAL,9779842714896.0,2022-07-04T00:00:00.000000
DLNINDV8027647,ARZOO,,BUDHATHKOI,ARZOO BUDHATHKOI,INDIVIDUAL,2020-08-07T00:00:00.000000,F,TYANGLAPHAT,Other,83333.3333333333,LOW RISK,UNMARRIED,STUDENT,N,PN37530,arzoo_budhathkoi78@gmail.com,HINDU,,INDIV,INDIVIDUAL,9779869212111.0,2022-08-11T00:00:00.000000
DLNINDV1884561,SEJAL,,THPA,SEJAL THPA,INDIVIDUAL,1995-02-20T00:00:00.000000,F,BANK ROAD,Salaried,20833.3333333333,LOW RISK,UNMARRIED,SERVICE,N,PN91201,sejal_thpa81@gmail.com,HINDU,,INDIV,INDIVIDUAL,9779857622285.0,2019-10-17T00:00:00.000000
DLNINDV9203844,EKATA,,PALIKHEY,EKATA PALIKHEY,INDIVIDUAL,1985-11-07T00:00:00.000000,F,TARAKESHWOR,Salaried,0.0,LOW RISK,MARRIED,SERVICE,N,PN36803,ekata_palikhey61@gmail.com,HINDU,,INDIV,INDIVIDUAL,9779841500302.0,2021-01-21T00:00:00.000000
DLNINDV6145827,PRAKAKASH,,SIDDIQI,PRAKAKASH SIDDIQI,INDIVIDUAL,1965-11-10T00:00:00.000000,M,ODRA,Self employed,0.0,LOW RISK,MARRIED,SELF-EMPLOYED,N,PN21487,prakakash_siddiqi82@gmail.com,,,INDIV,INDIVIDUAL,9779807116557.0,2020-07-29T00:00:00.000000
DLNINDV4062609,BALI,,SANGROULA,BALI SANGROULA,INDIVIDUAL,1982-03-02T00:00:00.000000,M,"HN.114,WN.01,JAMAL,KATHMANDU",,0.0,LEVEL 1 HIGH RISK (H1),OTHERS,HOUSEWIFE,N,PN54905,bali_sangroula67@gmail.com,HINDU,SATIS,INDIV,INDIVIDUAL,9779814232385.0,2013-01-01T00:00:00.000000
DLNINDV4194632,SAMEEKSHA,,DUGU,SAMEEKSHA DUGU,INDIVIDUAL,1966-04-13T00:00:00.000000,F,SHIRISIYA,Self employed,0.0,LOW RISK,MARRIED,BUSINESSMAN,N,PN46963,sameeksha_dugu79@gmail.com,HINDU,,INDIV,INDIVIDUAL,9779855021378.0,2020-12-01T00:00:00.000000
DLNINDV4823079,SHISHUMA,,MALEKHU,SHISHUMA MALEKHU,INDIVIDUAL,1951-01-31T00:00:00.000000,F,GYANESHWOR,,0.0,LOW RISK,MARRIED,SERVICE,N,PN95978,shishuma_malekhu22@gmail.com,HINDU,SATIS,INDIV,INDIVIDUAL,9779769324143.0,2017-01-03T00:00:00.000000
DLNINDV3541327,HEM,,SINNYA,HEM SINNYA,INDIVIDUAL,1989-11-25T00:00:00.000000,F,NAYATHIMI,Employed,23333.3333333333,LOW RISK,MARRIED,SERVICE,N,PN35550,hem_sinnya68@gmail.com,HINDU,,INDIV,INDIVIDUAL,9779841027592.0,2021-11-19T00:00:00.000000
DLNINDV3824282,BASUKINATH,,ROHIT,BASUKINATH ROHIT,INDIVIDUAL,1971-11-21T00:00:00.000000,M,BANSBARI,,,LOW RISK,,HOUSEWIFE,N,PN23601,basukinath_rohit96@gmail.com,HINDU,,INDIV,INDIVIDUAL,,
DLNINDV4602161,SUHRIT,,SANGROULA,SUHRIT SANGROULA,INDIVIDUAL,1955-08-05T00:00:00.000000,M,BALUWATAR,,,LOW RISK,,SERVICE,N,PN35313,suhrit_sangroula98@gmail.com,HINDU,,INDIV,INDIVIDUAL,,
DLNINDV1154622,AVILEKH,,RILAMI,AVILEKH RILAMI,INDIVIDUAL,2000-01-01T00:00:00.000000,M,MAHENDRA HIGHWAY,,,LOW RISK,,STUDENT,N,PN44888,avilekh_rilami55@gmail.com,HINDU,,INDIV,INDIVIDUAL,,
DLNLEG4013210,,,SURKHET AGRO CO-OP LTD.,SURKHET AGRO CO-OP LTD.,LEGAL,1900-01-01T00:00:00.000000,,.,,,LOW RISK,,NOT AVAILABLE,,PN87273,surkhetagroco-opltd.6@outlook.org,,GOOD,OTHER,OTHERS,,2010-11-04T00:00:00.000000
DLNINDV8292522,ADHISTA/PUNITA,nan/nan,SHRESHA/NHEMHAFUKI,ADHISTA SHRESHA/PUNITA NHEMHAFUKI,INDIVIDUAL,1965-07-16T00:00:00.000000,,"MIRCHAIYA-05, DUMARI, SIRAHA",,0.0,LOW RISK,MARRIED,BUSINESSMAN,N,PN90506,punita_nhemhafuki50@gmail.com,HINDU,SATIS,INDIJ,INDIVIDUAL JOINT,9779802965455.0,2015-03-24T00:00:00.000000
DLNINDV2100799,AMTESH,,BHANTANA,AMTESH BHANTANA,INDIVIDUAL,1978-06-13T00:00:00.000000,M,RATOPUL,Self employed,,LOW RISK,MARRIED,BUSINESSMAN,N,PN27501,amtesh_bhantana81@gmail.com,HINDU,,INDIV,INDIVIDUAL,9779851143192.0,2018-12-13T00:00:00.000000
DLNLEG2788737,,,KAVREPALANCHOK MEDIA PVT. LTD.,KAVREPALANCHOK MEDIA PVT. LTD.,LEGAL,2019-01-31T00:00:00.000000,,"ITAHARI, TARAHARA",,,,,,,PN22952,kavrepalanchokmediapvt.ltd.67@outlook.org,,,PROP,PROPRIETORSHIP,,2019-02-06T00:00:00.000000
DLNLEG2876683,,,MANANG HYDROPOWER LTD.,MANANG HYDROPOWER LTD.,LEGAL,2017-02-07T00:00:00.000000,,POKHARA,,,,,,,PN35617,mananghydropowerltd.58@outlook.org,,,COOPE,CO-OPERATIVES,,2019-02-06T00:00:00.000000
DLNLEG5431116,,,NEPAL HERITAGE TOURS PVT. LTD.,NEPAL HERITAGE TOURS PVT. LTD.,LEGAL,1900-01-01T00:00:00.000000,,NHYOKHA-28,,,MEDIUM RISK,,NOT AVAILABLE,,PN23191,nepalheritagetourspvt.ltd.13@outlook.org,,SATIS,PRIVA,PRIVATE LTD.,,2014-03-26T00:00:00.000000
DLNLEG8745455,,,PALPA PHARMACEUTICALS PVT. LTD.,PALPA PHARMACEUTICALS PVT. LTD.,LEGAL,2019-01-29T00:00:00.000000,,DALIT TOLE,,,,,,,PN42498,palpapharmaceuticalspvt.ltd.82@outlook.org,,,USTS,UPABHOKTA SAMITTEE OR TOLESUDHAR SAMITTEE,,2019-02-06T00:00:00.000000
DLNLEG1154524,,,TAMOR ELECTRONICS PVT. LTD.,TAMOR ELECTRONICS PVT. LTD.,LEGAL,2018-05-17T00:00:00.000000,,GOPALI,,,,,,,PN19584,tamorelectronicspvt.ltd.4@outlook.org,,,PRIVA,PRIVATE LTD.,,2019-02-07T00:00:00.000000
DLNLEG4241338,,,HIMAL DAIRY PRODUCTS PVT. LTD.,HIMAL DAIRY PRODUCTS PVT. LTD.,LEGAL,2019-01-28T00:00:00.000000,,KANEPOKHARI,,,,,,,PN82988,himaldairyproductspvt.ltd.71@outlook.org,,,USTS,UPABHOKTA SAMITTEE OR TOLESUDHAR SAMITTEE,,2019-02-07T00:00:00.000000
DLNLEG4510139,,,SARLAHI ENGINEERING PVT. LTD.,SARLAHI ENGINEERING PVT. LTD.,LEGAL,2017-08-20T00:00:00.000000,,DAMAK,,,,,,,PN62014,sarlahiengineeringpvt.ltd.47@outlook.org,,,PROP,PROPRIETORSHIP,,2019-02-07T00:00:00.000000
DLNLEG5136242,,,BARDIYA SECURITY PVT. LTD.,BARDIYA SECURITY PVT. LTD.,LEGAL,2019-02-07T00:00:00.000000,,SISAIYA,,,,,,,PN39948,bardiyasecuritypvt.ltd.68@outlook.org,,,USTS,UPABHOKTA SAMITTEE OR TOLESUDHAR SAMITTEE,,2019-02-07T00:00:00.000000
DLNLEG6942029,,,LUMBINI TRAVELS PVT. LTD.,LUMBINI TRAVELS PVT. LTD.,LEGAL,2019-02-07T00:00:00.000000,,BUTWAL,,,,,,,PN58821,lumbinitravelspvt.ltd.6@outlook.org,,,USTS,UPABHOKTA SAMITTEE OR TOLESUDHAR SAMITTEE,,2019-02-07T00:00:00.000000
DLNLEG3837232,,,KHOTANG FOODS PVT. LTD.,KHOTANG FOODS PVT. LTD.,LEGAL,2019-02-05T00:00:00.000000,,BIBLYATE,,,,,,,PN62870,khotangfoodspvt.ltd.90@outlook.org,,,PROP,PROPRIETORSHIP,,2019-02-07T00:00:00.000000
DLNINDV2919270,NAVINA,,DHAMI,NAVINA DHAMI,INDIVIDUAL,1978-04-14T00:00:00.000000,F,TILOTAMA,,0.0,LOW RISK,MARRIED,TEACHER,N,PN88737,navina_dhami94@gmail.com,HINDU,SATIS,INDIV,INDIVIDUAL,9779865888232.0,2016-10-27T00:00:00.000000
DLNLEG4073562,,,BIRGUNJ CHEMICALS PVT. LTD.,BIRGUNJ CHEMICALS PVT. LTD.,LEGAL,1986-08-17T00:00:00.000000,,SIRAHA,,,LOW RISK,,,,PN74879,birgunjchemicalspvt.ltd.86@outlook.org,,SATIS,USTS,UPABHOKTA SAMITTEE OR TOLESUDHAR SAMITTEE,,2012-05-31T00:00:00.000000
DLNINDV6430831,PAUDESH,,GORE,PAUDESH GORE,INDIVIDUAL,1974-04-17T00:00:00.000000,M,BFM,Self employed,41666.6666666666,LOW RISK,MARRIED,SERVICE,N,PN92098,paudesh_gore80@gmail.com,HINDU,,INDIV,INDIVIDUAL,9779842378901.0,2021-02-10T00:00:00.000000
DLNINDV8239616,NIVEETA,,BARIYAIT,NIVEETA BARIYAIT,INDIVIDUAL,1993-02-12T00:00:00.000000,F,GAUTAM TOLE,Other,0.0,LOW RISK,MARRIED,SERVICE,N,PN72419,niveeta_bariyait32@gmail.com,HINDU,,INDIV,INDIVIDUAL,9779822570189.0,2021-03-10T00:00:00.000000
DLNLEG9235952,,,ROLPA CONSTRUCTIONS PVT. LTD.,ROLPA CONSTRUCTIONS PVT. LTD.,LEGAL,1900-01-01T00:00:00.000000,,.,,,LEVEL 1 HIGH RISK (H1),,,,PN47570,rolpaconstructionspvt.ltd.50@outlook.org,,SATIS,PUBLI,PUBLIC LTD.,,2010-07-06T00:00:00.000000
DLNINDV7905170,INDUJA,,CHADUHARY,INDUJA CHADUHARY,INDIVIDUAL,1969-06-10T00:00:00.000000,F,BUTWAL,Employed,0.0,LOW RISK,MARRIED,BUSINESSMAN,N,PN27907,induja_chaduhary43@gmail.com,HINDU,SATIS,INDIV,INDIVIDUAL,9779861300888.0,2010-10-26T00:00:00.000000
DLNLEG5414731,,,LUMBINI INTERNATIONAL PVT. LTD.,LUMBINI INTERNATIONAL PVT. LTD.,LEGAL,2019-04-15T00:00:00.000000,,TILOTTAMA,,,,,,,PN34071,lumbiniinternationalpvt.ltd.65@outlook.org,,SATIS,PROP,PROPRIETORSHIP,,2020-09-14T00:00:00.000000
DLNLEG5877311,,,EVEREST FOOTWEAR PVT. LTD.,EVEREST FOOTWEAR PVT. LTD.,LEGAL,2021-07-23T00:00:00.000000,,SASHINAGAR,,,,,,,PN96074,everestfootwearpvt.ltd.90@outlook.org,,SATIS,PROP,PROPRIETORSHIP,,2021-09-12T00:00:00.000000
DLNINDV6095697,CHINTAN,,SHRESTAH,CHINTAN SHRESTAH,INDIVIDUAL,1962-09-04T00:00:00.000000,M,CHARGHARE,Housewife,25000.0,LOW RISK,MARRIED,HOUSEWIFE,N,PN71788,chintan_shrestah71@gmail.com,HINDU,,INDIV,INDIVIDUAL,9779813480805.0,2019-01-23T00:00:00.000000
DLNINDV4897047,HUTRAJ,,CHOKHANI,HUTRAJ CHOKHANI,INDIVIDUAL,1986-08-11T00:00:00.000000,M,LAHAN,Employed,0.0,LOW RISK,MARRIED,DOCTOR,N,PN33701,hutraj_chokhani66@gmail.com,HINDU,SATIS,INDIV,INDIVIDUAL,97798659812348.0,2012-09-23T00:00:00.000000
DLNLEG6754007,,,MAHENDRANAGAR CONSULTANCY PVT. LTD.,MAHENDRANAGAR CONSULTANCY PVT. LTD.,LEGAL,1900-01-01T00:00:00.000000,,KATAHARI,,,LEVEL 1 HIGH RISK (H1),,NOT AVAILABLE,,PN76678,mahendranagarconsultancypvt.ltd.34@outlook.org,,SATIS,PROP,PROPRIETORSHIP,,1999-06-15T00:00:00.000000
DLNINDV8271578,ARON,,DHMANIYA,ARON DHMANIYA,INDIVIDUAL,1959-10-16T00:00:00.000000,M,"W.N-12,TEKU ROAD,TRIPURESHWOR,P.BOX:1939",Employed,0.0,LOW RISK,MARRIED,BUSINESSMAN,N,PN98087,aron_dhmaniya36@gmail.com,HINDU,SATIS,INDIV,INDIVIDUAL,97798634241182.0,2009-03-29T00:00:00.000000
DLNLEG4609354,,,MUSTANG CARPENTRY PVT. LTD.,MUSTANG CARPENTRY PVT. LTD.,LEGAL,1900-01-01T00:00:00.000000,,.,,,LOW RISK,,NOT AVAILABLE,,PN67029,mustangcarpentrypvt.ltd.45@outlook.org,,GOOD,OTHER,OTHERS,,2009-05-31T00:00:00.000000
DLNINDV7517090,SMARIKA,,KAUCHHA,SMARIKA KAUCHHA,INDIVIDUAL,2019-03-29T00:00:00.000000,F,BHRIKUTI TOLE,Other,0.0,LOW RISK,UNMARRIED,UNEMPLOYED,N,PN81557,smarika_kauchha75@gmail.com,HINDU,,INDIV,INDIVIDUAL,9779841011889.0,2020-03-16T00:00:00.000000
DLNLEG5591859,,,MYAGDI ENTERPRISES LTD.,MYAGDI ENTERPRISES LTD.,LEGAL,2018-03-14T00:00:00.000000,,SAYAL,,,,,,N,PN26971,myagdienterprisesltd.65@outlook.org,,SATIS,PROP,PROPRIETORSHIP,,2023-02-07T00:00:00.000000
DLNINDV3007895,BINISHA,,PARWEEN,BINISHA PARWEEN,INDIVIDUAL,1982-06-01T00:00:00.000000,F,UTTARBEHADI,Self employed,66666.6666666666,LOW RISK,MARRIED,SELF-EMPLOYED,N,PN74380,binisha_parween63@gmail.com,HINDU,,INDIV,INDIVIDUAL,9779849382738.0,2020-12-03T00:00:00.000000
DLNLEG5438686,,,SOLU HYDROPOWER PVT. LTD.,SOLU HYDROPOWER PVT. LTD.,LEGAL,2017-11-20T00:00:00.000000,,BALAJU,,,,,,N,PN93947,soluhydropowerpvt.ltd.10@outlook.org,,SATIS,PRIVA,PRIVATE LTD.,,2023-04-07T00:00:00.000000
DLNLEG1223219,,,SYANGJA FOOTWEAR PVT. LTD.,SYANGJA FOOTWEAR PVT. LTD.,LEGAL,1994-05-27T00:00:00.000000,,"MALANGAWA-9, SARLAHI",,,LOW RISK,,NOT AVAILABLE,N,PN89533,syangjafootwearpvt.ltd.5@outlook.org,,SATIS,COOPE,CO-OPERATIVES,,2010-01-07T00:00:00.000000
DLNLEG5521521,,,RUKUM CO-OP FINANCE LTD.,RUKUM CO-OP FINANCE LTD.,LEGAL,1900-01-01T00:00:00.000000,,"W.NO-01, DUMRE, BANDIPUR, TANANUN",,,LOW RISK,,NOT AVAILABLE,N,PN88322,rukumco-opfinanceltd.93@outlook.org,,SATIS,PUBLI,PUBLIC LTD.,,2017-11-15T00:00:00.000000
DLNLEG1364460,,,ANNAPURNA HOTELS LTD.,ANNAPURNA HOTELS LTD.,LEGAL,2010-02-17T00:00:00.000000,,BAGBAZAR,,,MEDIUM RISK,,,N,PN83694,annapurnahotelsltd.96@outlook.org,,SATIS,PRIVA,PRIVATE LTD.,,2010-02-25T00:00:00.000000
DLNLEG1691480,,,BHIMSEN AGRICULTURAL COOPERATIVE LTD.,BHIMSEN AGRICULTURAL COOPERATIVE LTD.,LEGAL,2011-02-07T00:00:00.000000,,BANIYANI,,,,,,N,PN46018,bhimsenagriculturalcooperativeltd.17@outlook.org,,,COOPE,CO-OPERATIVES,,2018-12-04T00:00:00.000000
DLNINDV9410952,MANABI,,KHASU,MANABI KHASU,INDIVIDUAL,1959-09-29T00:00:00.000000,F,YALADI,Housewife,16666.6666666666,LOW RISK,MARRIED,HOUSEWIFE,N,PN93322,manabi_khasu74@gmail.com,HINDU,,INDIV,INDIVIDUAL,9779805268944.0,2023-09-13T00:00:00.000000
DLNINDV7846879,AMALENDU,,KALAKHETI,AMALENDU KALAKHETI,INDIVIDUAL,2005-05-18T00:00:00.000000,M,GARDUAL,STUDENT,8333.33333333333,LOW RISK,UNMARRIED,STUDENT,N,PN78493,amalendu_kalakheti13@gmail.com,HINDU,,INDIV,INDIVIDUAL,9779829243528.0,2023-10-13T00:00:00.000000
DLNINDV6483439,URGENA,,SINKEMANA,URGENA SINKEMANA,INDIVIDUAL,2013-01-09T00:00:00.000000,F,"BIRTAMOD-01, JHAPA",,0.0,LOW RISK,UNMARRIED,STUDENT,N,PN18717,urgena_sinkemana48@gmail.com,HINDU,GOOD,INDIV,INDIVIDUAL,9779842625853.0,2015-09-27T00:00:00.000000
DLNINDV9517725,SEEJAL,,RAJPAL,SEEJAL RAJPAL,INDIVIDUAL,1970-03-26T00:00:00.000000,F,"WN NO.-8,GURJUDHARA,CHANDRAGIRI",,0.0,LOW RISK,MARRIED,HOUSEWIFE,N,PN93613,seejal_rajpal40@gmail.com,HINDU,SATIS,INDIV,INDIVIDUAL,9860234034539.0,2016-04-03T00:00:00.000000
DLNLEG9381789,,,SARLAHI PLASTIC PRODUCTS PVT. LTD.,SARLAHI PLASTIC PRODUCTS PVT. LTD.,LEGAL,1900-01-01T00:00:00.000000,,RAUTAHAT NEPAL,,,LOW RISK,,NOT AVAILABLE,N,PN47010,sarlahiplasticproductspvt.ltd.58@outlook.org,,SATIS,NGO,NON GOVERNMENT ORGANIZATION,,2010-12-31T00:00:00.000000
DLNLEG9737048,,,SINDHULI AGRO PVT. LTD.,SINDHULI AGRO PVT. LTD.,LEGAL,1900-01-01T00:00:00.000000,,AWA ROAD,,,LOW RISK,,,N,PN28150,sindhuliagropvt.ltd.36@outlook.org,,SATIS,OTHER,OTHERS,,2002-09-10T00:00:00.000000
DLNLEG5961428,,,NEPAL FINANCE GROUP LTD.,NEPAL FINANCE GROUP LTD.,LEGAL,1900-01-01T00:00:00.000000,,"KHAJURA-04,BANKE",,,LOW RISK,,NOT AVAILABLE,N,PN28560,nepalfinancegroupltd.80@outlook.org,,SATIS,PUBLI,PUBLIC LTD.,,2017-09-04T00:00:00.000000
DLNINDV7160778,NIKUNJAN,,DUGU,NIKUNJAN DUGU,INDIVIDUAL,1999-09-10T00:00:00.000000,M,BIHAR KUND,Salaried,33333.3333333333,LOW RISK,UNMARRIED,SERVICE,N,PN35308,nikunjan_dugu88@gmail.com,HINDU,,INDIV,INDIVIDUAL,9779819613390.0,2020-02-11T00:00:00.000000
DLNINDV2661853,SIRAPA,,ROHIT,SIRAPA ROHIT,INDIVIDUAL,1978-04-14T00:00:00.000000,F,TILOTAMA,,,LOW RISK,,TEACHER,N,PN10779,rohit_sirapa94@gmail.com,HINDU,SATIS,INDIV,INDIVIDUAL,,
DLNINDV7862663,GANESHA,,DONGAL,GANESHA DONGAL,INDIVIDUAL,1988-02-17T00:00:00.000000,F,"BARBARDIYA-10, BARDIYA",,0.0,LOW RISK,OTHERS,NOT AVAILABLE,N,PN91663,ganesha_dongal29@gmail.com,HINDU,,INDIV,INDIVIDUAL,9779844039166.0,2018-03-26T00:00:00.000000
DLNINDV6312728,DEEWA,,MEJU,DEEWA MEJU,INDIVIDUAL,1943-04-05T00:00:00.000000,F,"WARD NO-9, BIRATNAGAR",,0.0,LOW RISK,OTHERS,BUSINESSMAN,N,PN75009,deewa_meju80@gmail.com,,,INDIV,INDIVIDUAL,9779821526708.0,2011-05-16T00:00:00.000000
DLNLEG2086316,,,PALPA HEALTHCARE PVT. LTD.,PALPA HEALTHCARE PVT. LTD.,LEGAL,1900-01-01T00:00:00.000000,,.,,,LOW RISK,,,,PN34264,palpahealthcarepvt.ltd.52@outlook.org,,SATIS,PARTN,PARTNERSHIP,,2012-05-14T00:00:00.000000
DLNLEG2205395,,,MANASLU HOSPITALITY PVT. LTD.,MANASLU HOSPITALITY PVT. LTD.,LEGAL,2015-09-15T00:00:00.000000,,DUMRE,,,LEVEL 1 HIGH RISK (H1),,,,PN17193,manasluhospitalitypvt.ltd.37@outlook.org,,,PROP,PROPRIETORSHIP,,2019-02-06T00:00:00.000000
DLNLEG5974003,,,SHREE KRISHNA FOUNDATION NGO,SHREE KRISHNA FOUNDATION NGO,LEGAL,2019-02-04T00:00:00.000000,,GORKHA,,,,,,,PN81625,shreekrishnafoundationngo93@outlook.org,,,USTS,UPABHOKTA SAMITTEE OR TOLESUDHAR SAMITTEE,,2019-02-06T00:00:00.000000
DLNLEG3561572,,,HIMALAYAN CONSULTANCY PVT. LTD.,HIMALAYAN CONSULTANCY PVT. LTD.,LEGAL,2018-06-11T00:00:00.000000,,BATTISPUTALI,,,,,,,PN67032,himalayanconsultancypvt.ltd.10@outlook.org,,,PRIVA,PRIVATE LTD.,,2019-02-06T00:00:00.000000
DLNLEG9940708,,,BARDIA BUILDERS PVT. LTD.,BARDIA BUILDERS PVT. LTD.,LEGAL,2009-10-22T00:00:00.000000,,CHISAPANI,,,,,,,PN94317,bardiabuilderspvt.ltd.32@outlook.org,,,PROP,PROPRIETORSHIP,,2019-02-06T00:00:00.000000
DLNINDV8337813,DHIRAN,,RILAMI,DHIRAN RILAMI,INDIVIDUAL,1971-11-21T00:00:00.000000,M,BANSBARI,Housewife,8333.33333333333,LOW RISK,MARRIED,HOUSEWIFE,N,PN23268,dhiran_rilami96@gmail.com,HINDU,,INDIV,INDIVIDUAL,9779841359490.0,2019-03-22T00:00:00.000000
DLNINDV7596527,SIMA,,DHITAL,SIMA DHITAL,INDIVIDUAL,1955-08-05T00:00:00.000000,F,BALUWATAR,Employed,48000.0,LOW RISK,MARRIED,SERVICE,N,PN16238,sima_dhital98@gmail.com,HINDU,,INDIV,INDIVIDUAL,9779860923350.0,2019-02-18T00:00:00.000000
DLNINDV2090590,MILAN,,AAFRIN,MILAN AAFRIN,INDIVIDUAL,1987-01-17T00:00:00.000000,F,DUDHE,Housewife,8333.33333333333,LOW RISK,MARRIED,HOUSEWIFE,N,PN39366,milan_aafrin8@gmail.com,HINDU,,INDIV,INDIVIDUAL,9779818508681.0,2019-09-17T00:00:00.000000
DLNINDV7391171,MRIDUL,,RAWAT,MRIDUL RAWAT,INDIVIDUAL,2000-01-01T00:00:00.000000,M,MAHENDRA HIGHWAY,Employed,16666.6666666666,LOW RISK,UNMARRIED,STUDENT,N,PN10030,mridul_rawat55@gmail.com,HINDU,,INDIV,INDIVIDUAL,9770000000000.0,2019-09-28T00:00:00.000000
DLNINDV4477841,RATNA,,NAGAJU,RATNA NAGAJU,INDIVIDUAL,1970-11-30T00:00:00.000000,F,"MAHENDRAPOOL-4, POKHARA",,,LOW RISK,OTHERS,BUSINESSMAN,N,PN75382,ratna_nagaju4@gmail.com,HINDU,SATIS,INDIV,INDIVIDUAL,9779861229290.0,2011-03-09T00:00:00.000000
DLNINDV4462827,LOKRAJ,,VARMA,LOKRAJ VARMA,INDIVIDUAL,2020-08-14T00:00:00.000000,M,MADHUBAN,Other,4166.66666666666,LOW RISK,UNMARRIED,UNEMPLOYED,N,PN47482,lokraj_varma13@gmail.com,HINDU,,INDIV,INDIVIDUAL,9779851196654.0,2020-12-15T00:00:00.000000
DLNINDV6698024,SUSHRITA,,KHAMABA,SUSHRITA KHAMABA,INDIVIDUAL,1996-10-02T00:00:00.000000,F,BARGACHI,Salaried,8333.33333333333,LOW RISK,UNMARRIED,SERVICE,N,PN52670,sushrita_khamaba18@gmail.com,HINDU,,INDIV,INDIVIDUAL,9779807971052.0,2021-02-22T00:00:00.000000
DLNINDV3811615,SWOPNA,,GACHHADAR,SWOPNA GACHHADAR,INDIVIDUAL,1961-12-06T00:00:00.000000,F,"SUKEDHARA-07, BUDANILKANTHA, KATHMANDU",,0.0,LOW RISK,UNMARRIED,ENGINEER,N,PN42467,swopna_gachhadar58@gmail.com,HINDU,SATIS,INDIV,INDIVIDUAL,9779812678223.0,2017-07-05T00:00:00.000000
DLNLEG1757537,,,PHEWA AUTO PARTS PVT. LTD.,PHEWA AUTO PARTS PVT. LTD.,LEGAL,2019-01-22T00:00:00.000000,,DUHABI,,,,,,,PN65794,phewaautopartspvt.ltd.30@outlook.org,,,USTS,UPABHOKTA SAMITTEE OR TOLESUDHAR SAMITTEE,,2019-02-06T00:00:00.000000
DLNLEG9414360,,,KALINCHOWK REAL ESTATE PVT. LTD.,KALINCHOWK REAL ESTATE PVT. LTD.,LEGAL,1900-01-01T00:00:00.000000,,.,,,LOW RISK,,,,PN63549,kalinchowkrealestatepvt.ltd.23@outlook.org,,SATIS,PRIVA,PRIVATE LTD.,,2000-08-23T00:00:00.000000
DLNLEG2994423,,,JAJARKOT DAIRY CO-OP LTD.,JAJARKOT DAIRY CO-OP LTD.,LEGAL,1900-01-01T00:00:00.000000,,JEETPURSIMARA:07,,,LOW RISK,,NOT AVAILABLE,,PN91410,jajarkotdairyco-opltd.15@outlook.org,,SATIS,PROP,PROPRIETORSHIP,,2018-08-02T00:00:00.000000
DLNLEG8891601,,,BIRATNAGAR AUTOMOBILES PVT. LTD.,BIRATNAGAR AUTOMOBILES PVT. LTD.,LEGAL,1900-01-01T00:00:00.000000,,GAJURA-04,,,LOW RISK,,NOT AVAILABLE,,PN68991,biratnagarautomobilespvt.ltd.9@outlook.org,,SATIS,PROP,PROPRIETORSHIP,,2018-08-06T00:00:00.000000
DLNLEG4103875,,,JUMLA FOOD PRODUCTS PVT. LTD.,JUMLA FOOD PRODUCTS PVT. LTD.,LEGAL,2019-01-29T00:00:00.000000,,KANEPOKHARI,,,,,,,PN78858,jumlafoodproductspvt.ltd.29@outlook.org,,,USTS,UPABHOKTA SAMITTEE OR TOLESUDHAR SAMITTEE,,2019-02-07T00:00:00.000000
DLNLEG3520843,,,SUNSARI MANUFACTURING LTD.,SUNSARI MANUFACTURING LTD.,LEGAL,2013-02-10T00:00:00.000000,,DEVINAGAR,,,,,,,PN46123,sunsarimanufacturingltd.37@outlook.org,,,PROP,PROPRIETORSHIP,,2019-02-07T00:00:00.000000
DLNLEG9009785,,,NEPAL AIRLINES LTD.,NEPAL AIRLINES LTD.,LEGAL,2018-01-03T00:00:00.000000,,TIKULIGADH,,,,,,,PN97797,nepalairlinesltd.3@outlook.org,,,SCHOO,SCHOOL/COLLEGE,,2019-02-07T00:00:00.000000
DLNINDV4549269,SANTWANA,,JAMARKATEL,SANTWANA JAMARKATEL,INDIVIDUAL,1968-04-13T00:00:00.000000,F,.,,0.0,LOW RISK,MARRIED,HOUSEWIFE,N,PN81245,santwana_jamarkatel41@gmail.com,HINDU,SATIS,INDIV,INDIVIDUAL,9779862840025.0,2013-01-16T00:00:00.000000
DLNINDV5481994,MADHUMALA,,GHUNGANA,MADHUMALA GHUNGANA,INDIVIDUAL,1983-06-09T00:00:00.000000,F,.,,,LOW RISK,OTHERS,SERVICE,N,PN98565,madhumala_ghungana50@gmail.com,HINDU,SATIS,INDIV,INDIVIDUAL,9779815548644.0,2013-05-22T00:00:00.000000
DLNLEG5746437,,,SUNSARI DIGITAL PVT. LTD.,SUNSARI DIGITAL PVT. LTD.,LEGAL,2012-11-12T00:00:00.000000,,KHANAR,,,,,,,PN40293,sunsaridigitalpvt.ltd.1@outlook.org,,SATIS,PROP,PROPRIETORSHIP,,2020-11-12T00:00:00.000000
DLNINDV9906142,NAWA,,CHATAUT,NAWA CHATAUT,INDIVIDUAL,1966-05-06T00:00:00.000000,M,MEHELDHARA,Retired,25000.0,LOW RISK,MARRIED,RETIRED,N,PN91821,nawa_chataut53@gmail.com,HINDU,,INDIV,INDIVIDUAL,9779847029228.0,2021-10-18T00:00:00.000000
